x,y,class
-0.5236906875092889,0.048232456518800426,2
0.2363973882159551,-0.999294992056066,1
-0.3039545574044813,-0.40471046369385,2
0.05616455564220918,-0.5558463965642537,2
0.8714555151722712,0.45411873499397293,1
0.5799683767846149,0.8705991792463091,1
-0.1332848424750783,0.46712358484931454,2
0.4874101761762625,0.17608915644671352,2
-0.986459894423466,-0.17229957045760128,1
-0.10380980677299152,0.5075673734966674,2
0.24124797371700163,-0.5112966633785968,2
-0.05161515361657173,0.4246111763868085,2
-0.4324617809105504,0.2002851065025305,2
-0.685231095649517,-0.6314618232838951,1
-0.12635157127029725,0.5770388997976462,2
0.37350549043884795,-0.8883222251397002,1
0.2616480593455671,-0.9298534545822483,1
0.1636122688504529,0.9657647395385245,1
0.43839310375190715,-0.13497946482087655,2
-0.8722360083821629,-0.18571881495171844,1
0.41964251034132516,0.25681530546642745,2
0.46364119711761,-0.7307000836020052,1
-0.1814482269486233,1.0627047447869131,1
-0.5400104917296605,0.20992530939981568,2
0.7308186710298882,0.6249838344486924,1
0.8053825736569561,0.518081404486269,1
0.6575779466963817,0.8434610039033111,1
0.24802612070079313,-0.4258445105288613,2
-0.5406182641937368,-0.0893704816617559,2
0.9422112620417363,-0.3085134980935115,1
-0.6824137550823564,0.7666086636779038,1
-0.5405833375775084,0.003484070252702247,2
-0.4898844970995488,-0.0007197016439957071,2
-0.05428325667146934,-0.4412707772534564,2
1.017438133165236,0.02745884459365367,1
0.35911291501562526,1.0016622335984513,1
0.3984492064415913,0.24249122796829603,2
0.010730860255842564,1.0505470482126036,1
-0.4499040102980456,0.08608594974761069,2
-0.40881028045501944,-0.440698797168208,2
0.085807013188304,0.9305492860195531,1
0.8079038795081557,-0.3846337601250298,1
-0.2503773734879915,-0.4248282086001383,2
0.9882486878184404,-0.2207289252004122,1
-0.6568127238458883,-0.7461722504337195,1
-0.9827749294839322,-0.16211829575950892,1
-0.3309006939137238,-0.9627194453037442,1
-0.5615294547377592,0.8532036729451073,1
-0.831386745767651,0.6516183637030121,1
-0.4707223819012669,0.2866887346561348,2
0.04790239055411051,-0.45429496985351703,2
0.09974666759580919,0.5535304753091176,2
-0.4831784404114797,-0.25690609210593157,2
0.3694093593119409,0.3836771046207159,2
0.19320121874483367,0.4858369294191929,2
0.11363038430183511,0.4885193370678894,2
0.3487312218447293,0.33311874075703596,2
0.32098441964271524,-0.9402623658247489,1
-0.7277008596031427,-0.765398104222948,1
-0.3402611245406993,-0.33622371172904436,2
0.32083612182050364,0.33506206742695266,2
-0.05755875367636304,-0.9470615302244568,1
0.46104884360245346,-0.10301366559489875,2
0.9100349649096914,-0.3639186608992218,1
-0.05602421995162009,0.5170400216273293,2
-0.9852058062950206,-0.228722875725975,1
0.2353240505935352,0.4503532155156215,2
-0.10569093129053489,-0.5092725173733419,2
-0.2202359241880727,1.0302094052845263,1
-0.47129054268445447,-0.3379794964402257,2
0.40122656874687246,0.1862745470783097,2
-1.023734888481853,0.051655925769992145,1
-0.8157571025879231,-0.45427111213416266,1
-0.5061393267345334,0.14000118871123654,2
-0.9945051047564726,0.4289947504965573,1
-0.12236454027667222,-0.5532455079696802,2
0.161359104169307,1.0537391462811307,1
-0.6348587535678036,0.03559306242502402,2
0.16745429136756818,-0.46047730262958825,2
0.18522228715143527,-0.4792108624634591,2
-0.27832767255297775,0.8629392031565154,1
0.24953904861991896,-0.4899187296078395,2
0.522956277764662,-0.0576782719725161,2
0.3127184799412104,-0.9989362251695468,1
-0.36249316961118344,0.3997034973983326,2
0.44205895550902,-0.20552872537908567,2
-0.9456513159287738,0.358336565035437,1
0.8329705313124409,-0.5430420649395954,1
-0.16162778792539356,-0.38708577097027286,2
0.9885112156657186,-0.1266685838361413,1
0.08324708506682597,-0.4784773674003481,2
-0.7798587337740228,0.7613251186761538,1
-0.1983373305875028,0.5059535707303926,2
-0.9355181062189404,0.17502985841059315,1
-0.986525481974277,-0.2458584645742465,1
0.49094914113552984,0.13941596935826575,2
-0.37649243734628557,-0.9104817388985345,1
0.5157976829724834,-0.04617332761399079,2
0.13319559350460025,0.4665083150126094,2
0.20977595379991207,-0.41392750970316877,2
0.039430830598878974,0.5665596109391149,2
0.18735300963194237,0.5146892590298741,2
0.02174739837410445,0.48820095125882196,2
0.2660901019391275,-0.4911004692888179,2
0.5047540535207318,-0.0832840891412677,2
-0.30759975640898696,0.3878646181054678,2
0.8622227035416832,0.5828162357861519,1
0.539605958754686,-0.8443408370900932,1
-0.011807972567453124,-0.5898058290851214,2
0.11676870594533514,0.49966917648209885,2
-0.045880174560092954,-1.126169999813573,1
-0.12009017382077625,-0.49573969221112485,2
0.454161042681873,-0.0022570824916939222,2
-0.20104181273666527,0.9504432294048627,1
-0.5990974579817826,0.7410231221348227,1
0.2703177364566868,-0.3664949724567874,2
-0.3789554834961795,0.3460917340744655,2
-0.6607002387509945,0.7379129623390372,1
-0.4891662235545125,0.0896807874393667,2
-0.3133929952793186,0.9329349295527709,1
0.3291161092296157,-0.39140454564092214,2
-0.5107931348163491,0.17101893713995373,2
-0.5529173401862372,-0.8572933139141292,1
-0.846687735953238,-0.5138362737016533,1
1.010737811925168,0.11564317637412261,1
-0.3717584911320026,-0.2992345080193978,2
0.47456387053438204,-0.20127408898462107,2
0.008981269762654204,0.8875591481371043,1
0.8168031275488079,0.39501091033920366,1
0.5337471003395289,0.18718350685436996,2
-1.0116807725805594,0.3118200831238036,1
-0.45294710426691287,0.9856060568430376,1
-1.0499124294992073,-0.11795292346807626,1
-0.20338848918982044,0.36783522167266836,2
0.7300369256299952,-0.7721485723061692,1
-0.8237320924118982,-0.4987655770361503,1
-0.47161797585477516,0.30485228513064994,2
-0.22699031583032908,0.9182775664286745,1
0.024543785354443126,0.4100378748595061,2
-0.4790994303905786,-0.09909332854915684,2
-0.6644072497824759,0.7456727722199594,1
0.2292022333438664,-0.9210505521668529,1
-0.5010159014283644,-0.9242711290344676,1
-0.4318315696994657,0.19265026289932652,2
0.46281437361767985,-0.42703103704513373,2
-0.8792489067734826,0.1768251195013473,1
-0.39197559098544327,-0.3190683772337143,2
-0.8899934736821578,-0.2913242370118507,1
0.8055954049440216,0.43369086427267695,1
0.21837952491360024,-0.4466620312350635,2
-1.0075095408250685,0.04028569610123421,1
-0.8393413880022488,-0.4409367163047982,1
-0.1928531961862986,0.4439977447396321,2
0.19863648852922736,-0.42473588661107636,2
0.20724140759351112,-0.48375381734815154,2
0.5150042838747418,0.9257437225021897,1
0.6656976111593763,-0.7389167729234074,1
0.0010040222404413685,-0.5113589520534244,2
1.054914486453461,-0.2435000281100498,1
-0.4929483431926443,0.7728612128430001,1
-0.285344208970308,-0.9739984666242364,1
-0.5376697148705287,-0.7787821642254213,1
-0.46102032057929926,-0.04159805010546094,2
-0.06344916895542956,-1.0075531468114554,1
-0.43018320332814297,0.396406860468934,2
0.388388300133809,0.9216814699563314,1
-0.4248388198706236,-0.2802817863112835,2
-0.1543214378098839,0.45285920258052276,2
-0.8390150377584835,0.5493825859079432,1
0.43217553644602386,-0.9023280048943226,1
0.34992342488071015,-0.3465859875375631,2
0.668923534641736,0.7704991773409936,1
0.2855062018994878,-1.003528345805257,1
-0.2842141561835577,-0.4346427895788631,2
-0.08112111827561319,-0.9336246536850503,1
-0.48637944575044073,-0.009673147538337389,2
0.12784247037173158,-0.4843807392614406,2
-0.14945959318673424,-0.5642518547722163,2
0.3697399656316687,-0.3369517015244123,2
-0.31574670486571277,-0.5304281481801228,2
0.3853356526575612,-0.3780503197877041,2
-0.42252812203585405,-0.2045508551617363,2
-0.464081030756444,-0.056136515103469134,2
0.47796168180380166,0.0655022392174092,2
-0.9149744760331757,0.4123985313339793,1
0.5046780515080426,0.03211034775925019,2
-0.38674500566044634,-0.1604575266187422,2
-1.0157791606468791,0.0011259539866224633,1
-0.7950098161153595,0.7963612884684879,1
-0.36536936659642183,-0.997729652825781,1
0.2703201263981543,0.9614059538755657,1
0.900298677306326,-0.4236953235495145,1
-0.06612460718129709,1.007103429500556,1
-0.5359889720522629,-0.8529737910261356,1
0.1804874405902453,0.47007117012868493,2
0.5549566297852151,0.19826806448579443,2
0.07299893868706907,0.532981892287556,2
0.28919391976031406,0.9146894559801948,1
0.41738408515869124,0.40656419121071974,2
-0.3862796628240386,0.19901983008695615,2
0.044952399754497455,0.4624995862101769,2
0.3005357644038561,-0.34838128204101526,2
0.9113995786589562,0.47856204965877347,1
-1.0088937120895067,0.17910582247405968,1
0.5964179037438793,0.6737249654152273,1
-0.18607211298387577,0.3718733292329021,2
0.14639554651141795,-0.9538680716764035,1
1.0060522859239147,-0.3435553460923194,1
-1.044249883912247,0.1599557364906983,1
-0.4191808916391486,0.3168014435007787,2
0.19938951424811976,0.8635919958931569,1
0.9379522975160013,-0.3092217442893271,1
0.524947185047691,0.8382915315624283,1
-0.3386621910833006,-0.4871586767158239,2
0.5368793330699877,0.15014136300851197,2
-0.6216644515209325,0.7254186261871555,1
0.7352355381868767,0.687824087110942,1
-0.6601899554010819,-0.7509930842682783,1
-0.762809816071366,0.6258083641144285,1
-0.9176654020983392,0.06290455161653492,1
-0.9729744417300121,0.29895187678124496,1
0.24091401570321386,-0.4767627364843152,2
0.25178061248349387,0.43920070829818897,2
0.2032659918873544,0.4582202960482248,2
-0.16065835366723097,0.9895236503482252,1
0.31689331525899855,0.3291464788442492,2
-0.24767308901642313,-0.8607008763579533,1
0.45531967174293003,0.3634782624722874,2
0.3615883295794789,-0.3688826392141342,2
-0.00017103194835904958,-0.5350839903326217,2
-0.8018385550834158,0.4359296362592209,1
-0.7437945331634613,-0.5987780614291451,1
0.5925006812389212,-0.7226428574733982,1
-0.41769576657990387,-0.24376008049684528,2
-1.0435976929669681,0.0732279264211063,1
-0.14287875177608295,-0.4865157829397132,2
-0.6061263781265425,-0.16123962957879504,2
0.6952197568926791,-0.6875331556604157,1
0.8322988706910571,0.7583373908212521,1
-0.4351621413345009,0.02207634116039777,2
0.43168050759974497,-0.18724583449283183,2
-0.11652890824259797,-0.3978435965391199,2
0.484123983379449,0.4601856626613136,2
-0.3474670527610903,0.2943085299366432,2
-0.4321784831730024,0.10191714202138707,2
0.06796178566518225,-1.0237919488860519,1
-0.9206622764385372,0.42688469549306723,1
0.41953429565443723,0.11849864041691369,2
-0.44313185612271605,0.26975369733839805,2
-0.6494843279698522,-0.7198881741087361,1
0.9987493705998772,0.2802645480166587,1
-0.19765034162381787,-0.36220901094929864,2
-0.8403291007631115,0.6164163245446165,1
-0.6385989175350835,-0.7458160676813436,1
0.2973470712632063,-1.0181345567462419,1
0.574729180874496,-0.17457680590546878,2
-0.2273151708389592,-0.4388201703436392,2
-0.5185108118262076,0.08244526326059516,2
-0.2680087117134032,-0.4193694314671647,2
-0.5313955894568403,-0.15504112117372773,2
-0.5341002166412708,0.10356137985894906,2
-0.4331835607995068,0.1812877402272382,2
-0.21199837880827238,0.45402405163710724,2
-0.6312792294398936,-0.6597130887662138,1
0.6731931739181072,-0.7731315400436398,1
-0.023759223066638663,0.927922793164816,1
0.925342219470418,0.4136534442106093,1
-0.9609885292779551,-0.27736861184490685,1
-0.3694019553482393,0.2216671184542136,2
0.02109130181934036,-1.004991329017103,1
-0.011916368200428823,-0.5817073964382877,2
0.3394015139673642,-0.37546173799722216,2
0.4791865454219786,-0.1880558230666705,2
-0.5546137675063794,0.03986872337852425,2
-0.4496671508804465,-0.15593202193043496,2
-0.3249569863581759,-0.24629476444476475,2
-0.260035282828355,0.3922434701208472,2
-0.5240666769181493,-0.0384564624538927,2
0.7350593600151222,-0.6052591304361332,1
0.39128452087652155,-0.3485908347937336,2
0.03568393627465776,0.539310700147236,2
-0.23998288356657052,-0.49072603042884,2
0.9211895931187633,-0.37988862947880975,1
-1.0681564636446021,-0.0611085030266106,1
-0.5003916388436936,0.12246327972506962,2
0.3960688786060595,0.271254500784756,2
0.8726077060261181,0.3260320272744084,1
1.0068262016187801,-0.07659641123982189,1
-0.0899816606864014,-0.5254586429798485,2
0.9647062142391953,-0.09265947359943824,1
-0.28930041406502555,-0.944436816272492,1
-0.07626982122850205,0.43737428487999935,2
-0.13204090585253114,-0.945910619727643,1
0.17827761340415343,0.5003094488286121,2
-0.3736927575141012,-0.38056743946362676,2
0.37229448107858,0.38637867650028046,2
0.22015693592006805,-0.42159170510692295,2
0.899461881297145,0.4723325280659667,1
0.3885466796381156,0.8551198869150543,1
0.042536625594872826,-0.5359919011535914,2
-0.27992363400418596,-0.3166535501904104,2
-0.5498577236923384,-0.8194460574421893,1
-1.0192898461993696,0.04369685707054602,1
-0.41437593130470646,-0.3282430176071983,2
-0.820191853469557,-0.513422807862114,1
0.05662099346134971,-0.4081035052674489,2
0.41036139468349636,-0.32374442903770784,2
-0.23323082623979052,-0.46224918443232443,2
-0.3850377614324163,0.3414260315638995,2
-0.9205559687196823,-0.44640205381865844,1
-0.4730307093598802,-0.918121085980133,1
0.2840367425395856,0.41101061097697045,2
0.3631294233380704,0.42657940090282576,2
0.23349630435957608,-0.44898299014149434,2
-0.03468663139839871,-0.512943206565926,2
-0.44880883499246954,0.1699458211780347,2
0.3700167584138058,0.9127587839316269,1
-0.4296603141861429,-0.06174011300561089,2
-0.5079882433153818,-0.16350280428930408,2
-0.0563987083064891,0.5059439340427402,2
-0.4918447000990715,0.09116992424130671,2
-0.44173977235633893,0.14998987765182667,2
-0.3908485372363715,0.3160525591420231,2
0.09992535704157586,-0.4632856806517169,2
-0.0022476886223392594,0.46840103362973906,2
0.8716660910178363,-0.528975070949167,1
-0.4795862700807872,0.8455683371902003,1
0.5825676824811914,0.7757918602878304,1
0.49416098180820867,0.07636389750506539,2
1.0296415070862432,0.16024427537107822,1
0.7728402410934385,0.5445913883692719,1
0.9645313522631977,-0.2744416035756062,1
0.5130336950386268,-0.12902737029230207,2
0.15821178848812453,0.4112899805905453,2
0.0593859588583201,0.5767781188957708,2
0.2512072097520066,0.9639631100290614,1
0.4776465906999658,0.04633006225051753,2
0.9999296358561468,0.00734762418002434,1
0.45449983484040424,0.982531335989061,1
1.0348893550754314,0.008209959797902969,1
0.45930230287817736,0.0008046642249767422,2
-0.26702422833662465,-0.37799144060690487,2
0.2591740973174774,-0.38149939296329893,2
-0.8467383056893238,-0.6333183700276694,1
-0.14901194446990235,-0.5570940340202506,2
0.5453559932578284,0.796624647568091,1
0.06116303733267873,0.5070642584893585,2
0.4675153252248555,0.8447324434095985,1
0.7650115047541466,0.6688177646162845,1
-0.501093598848432,0.005707226640368081,2
0.9162378447137082,-0.175134989949437,1
-0.34381058024257954,0.37209387987471315,2
-0.3921924518018993,-0.3279739658106603,2
0.704534245913861,0.752003423337109,1
0.7849123233510228,-0.6820882714805665,1
0.9972772485162551,0.1564186469026283,1
0.2836050269624838,-0.9038024018197184,1
-0.4104985735025119,0.8241939645640081,1
1.0242600261003194,-0.051719016567174675,1
-0.9823927866088561,0.025170250301430247,1
-0.12483359087438217,-0.9709758096994844,1
-0.7041305578025034,-0.6023494486442093,1
0.22246002193967362,-0.4522487930989636,2
1.0213174907423304,0.03196745399186095,1
0.3115976423219074,0.4455494966142544,2
-0.9405955257440616,-0.4282255629342303,1
-1.035301310601788,0.2219742099331165,1
0.4512049496636733,-0.26389922117949677,2
-0.49137936547949246,0.8840093404872118,1
0.8277019340707726,0.5938530320556528,1
-0.24616909338804552,0.4078523043049502,2
-0.4344747281221931,-0.26665438189229373,2
0.21652784504048328,-0.2979411546274568,2
-0.451586300771485,0.16769445456884102,2
0.7478593157770461,0.6620374151223486,1
0.7709895405965208,-0.6555582038355332,1
-0.4401119585522428,-0.24400459135027638,2
0.8283643728093535,-0.5154507998424008,1
-0.3576785831413501,-0.9992422696879948,1
0.41874844466695177,-0.31032609385948057,2
-0.0722321276346631,-0.4463227227110935,2
-0.4259989986230968,0.12571197731198766,2
-0.44641562650424527,-0.023209168896423896,2
-0.3269259999894243,-0.8288257645444843,1
0.44944567676631614,-0.129399462701762,2
-0.5586800281895532,0.10902569445731808,2
0.9418733646700301,0.2672788249053276,1
-0.1984509332915689,-1.0129137083196769,1
-0.8505772346137171,0.5650229353997721,1
0.28431965741326526,-0.891462404178581,1
0.45701756431294727,-0.9250244607713431,1
0.37508116770792554,-0.35448955499512463,2
0.8186873543644715,-0.5818872000808675,1
-0.3500479672287106,-0.23199359637967545,2
0.42235032889855023,0.0824470353804253,2
-0.9272916552952546,-0.4962584802558095,1
-0.20701085131119257,1.020555760218673,1
0.5254692070469427,-0.7598131932618412,1
-0.17990145109508912,-0.49488598048291016,2
-0.7009936307988635,-0.7130482662470079,1
-0.17665131349767005,1.0425039837326127,1
0.8390105376517242,-0.45548241907860704,1
0.14879990317067138,-1.031939952673014,1
-0.432406587669809,-0.13748309255037247,2
0.415186481116699,0.917156831474913,1
0.9515875158633713,0.04320313854438,1
0.41459732152809525,0.2700972714515823,2
-0.43875948460345554,-0.3004527199365631,2
0.554126559323143,0.8073047952498322,1
0.221506449858097,0.41938787248784426,2
-0.9742226345369838,0.25728411335310086,1
0.3468194137124226,1.0191491312566434,1
0.29550429734999634,0.4641199778456129,2
0.5540998018265372,-0.9415123692701475,1
0.0067352303516244865,-0.3947739262110926,2
0.2011337924261898,0.4568935926307679,2
-0.15882707924667744,0.9705758052446305,1
0.27414310500759254,-0.3136277451872004,2
-0.5097608637754926,-0.08941433605424404,2
-0.13292907632081763,0.49426786636032405,2
-0.8512456307823834,0.44624326513705365,1
-0.924085511819238,0.3864008291530891,1
0.4190415309665502,-0.20623305449876395,2
-0.5618459009891161,-0.857900712274619,1
0.17387814032874185,0.4297219085039421,2
-0.7638282893237178,-0.6656295365625219,1
0.9468114695959529,-0.2767895544051757,1
0.9720407591382155,-0.3488177875876545,1
-0.07478529650363208,0.9306122365980926,1
-0.055710681948426835,-1.0130037241762193,1
0.8310659256534071,0.5207407605872412,1
-0.9372430808577252,0.5991178572579209,1
1.0420482843047745,0.21129142768081252,1
-0.23289539680675306,-0.3826262596531446,2
-0.2890577339457089,0.43655314471662854,2
0.49704739588700797,0.08946565429320837,2
-0.9377892153586797,0.11332801132253972,1
-0.04933673445313301,-0.5082215334849872,2
0.720087283599672,0.6437688869430743,1
0.917377325075197,0.381487799723321,1
0.5257038449115958,-0.17570531568180742,2
-0.9298120822160904,0.3164669165852817,1
0.23143747154970143,-0.9471934616632927,1
-0.05667873100650033,0.9700878186494912,1
0.46219962232626743,0.3959035700356214,2
0.5293653562595239,0.07167096611247603,2
0.07202526626288053,0.4684945886136342,2
-0.9625478031575381,0.3528572474288876,1
0.8826166051130845,-0.510677007923803,1
-0.6835388529934906,0.7082488873978994,1
-0.3968365124265369,-0.26910103116871714,2
-0.7380218911236804,0.7699437223518527,1
-0.905832467619504,-0.35219451340983793,1
-0.7350494028928799,0.6758231432987555,1
0.44357333073719074,0.81488335867215,1
-0.11745282080429971,0.47621784251876625,2
0.16544759012981008,-0.5466357860930783,2
-0.987199612269186,-0.38123492263624115,1
-0.0397844881497639,-0.5091923440360939,2
-0.010284182449678742,0.9764022685332525,1
-0.5364827754939447,-0.9122782608119424,1
0.16335915131643908,0.4868850742783906,2
-0.8824712702026838,0.3001561344596275,1
-0.30071716025432926,-0.9680237479321656,1
-0.3230915559830083,-0.3944856279949453,2
0.302336150924081,-0.29997079329661763,2
-0.47124897616984435,0.2736876323739748,2
-0.16171122071463068,-0.4052806021659288,2
-0.5735370990487488,0.8967384389401016,1
1.0109694823720883,0.3427072320055,1
0.9215542580490514,0.24892990240825563,1
0.011706331421028969,-0.8645196694848519,1
-0.6961382150782055,0.7095165085093198,1
0.3695986898184463,-0.418916931974056,2
1.0307728215956604,0.22297728919073934,1
-0.40198235756033657,0.32101606825484374,2
0.06293551673304125,0.4890864796822775,2
0.15305878546893312,-0.42922080359247994,2
0.48155945401687067,-0.9956796057811438,1
0.380474077089879,-0.23587841815245245,2
-0.3215983876481081,-0.3606621475265095,2
0.2379860251259425,-0.9039047572564705,1
0.5009244784148175,0.0725126788811192,2
0.1764856754521595,0.4823239008954218,2
0.9564188896858645,-0.3704546978234536,1
0.17584201467789085,-0.3867777719316783,2
-0.4401074714806338,-0.2418184873265531,2
-0.4851235404767936,0.2650076689071766,2
-0.5913069494257998,0.05346136403671342,2
0.442641499000473,0.28557201184216596,2
0.8442705860482419,0.4997233953292153,1
0.20529383079885757,0.4610193289417297,2
0.2482437950040996,-0.29725245120802274,2
0.40906567723124304,0.08930544910384161,2
0.9366116045997268,0.4852613601657101,1
0.23152500772586102,0.4171965741033111,2
-0.17870816082867344,0.9503421211747416,1
0.7364475670117707,0.6210976011755626,1
-0.08899452322610057,-0.45871260333162833,2
0.17864319976828133,-0.521903867823847,2
0.1479356950386059,0.45836897830262024,2
-0.5210782900781156,0.2008813507872499,2
0.45647233945181076,0.1695120467523766,2
-0.19129915260968144,0.4260354343196545,2
-0.9004826430080888,0.0041398925981472375,1
0.9140267092684903,0.26308318208099546,1
-0.19558907832507755,-0.9602072805021291,1
-0.15549054093835984,0.36978005497213357,2
0.0002888878881928403,-0.47690165509943583,2
-0.7236883101894798,-0.8423078170337365,1
0.4313597988571283,-0.2403226634800733,2
0.4226848552294448,0.036959441257147486,2
-0.25522987239000805,0.9076515379528906,1
-0.6369413590215653,-0.8899572598178314,1
1.0064360180186558,0.3545511627965184,1
0.8750663791381549,-0.023981908517821848,1
-0.9320958947976296,-0.22094963502083437,1
-0.9466098067695812,-0.1680097346336516,1
-0.3483804438575324,-0.3884492589008521,2
-0.5717204590542133,0.8340389999265662,1
0.46665723623715194,0.0867320222086603,2
0.8821359278039846,-0.4923002500800887,1
-0.5030431162474553,0.8998619700369879,1
-0.465695176695083,0.29051501005314717,2
0.15581487083426315,0.38878187654082363,2
0.31808877926540674,0.9837805623288092,1
0.4847989758997647,-0.007988765067393256,2
0.34682919683605334,-0.40464662683120817,2
0.4072740927737931,0.20907822176287497,2
0.8367812011761037,-0.5631367709145079,1
-0.9573327609760226,0.21555431229488653,1
-0.9153040927959989,0.27162856403227836,1
0.8891976741470657,-0.02570853220607453,1
-0.4409825552123586,-0.2216541279952051,2
-0.05976451950927121,0.4198526771387906,2
-0.413376232300612,0.16738104875263637,2
0.4585141414516633,-0.024802057870268082,2
0.4139229915973353,0.2619867113156747,2
-0.8615094031728651,-0.5251035738336669,1
0.13435692225550133,0.4847055442809872,2
-0.46434035837513765,-0.29172113203894356,2
0.4801209029279275,-0.19234158152557101,2
0.48387065355110614,0.18268574105817267,2
0.35434714342462803,0.18466991370720118,2
0.25120113875821526,1.063870129552046,1
0.06705625078445598,0.49506026503122197,2
0.23493636236090928,-0.4043021404951793,2
0.22760304616346205,0.5154521030819547,2
-0.5906997195863708,0.7912709797429862,1
-0.9633506316199518,0.4280287990501131,1
0.27568768779693914,0.39084274728835394,2
0.2854839262885571,-0.8785468847634192,1
-0.07671092294034365,-0.39277188775790733,2
-0.7598376171420135,0.6207073351030792,1
-0.5991751055947652,0.7505519075078029,1
-0.012890092161962699,-0.4721084573960064,2
-0.5457472997382985,0.041968147458018364,2
0.8721125848719444,-0.6108454000738126,1
0.7084543794241843,-0.8435251546950404,1
-0.08828055286014574,1.0116992347532694,1
-0.3200743330244937,0.8692673262664735,1
-0.12000092023498568,-0.450084367406622,2
0.20885545594024052,-0.9123399600818802,1
0.429346757246727,0.9294227669609035,1
0.46107125405921995,0.051002987687924856,2
-0.901932453754272,0.5055485507605488,1
0.13355553356246036,-0.4466008779712062,2
0.46654836810600514,0.907178036407527,1
-0.28770618446083673,1.037246780085581,1
-0.983828033271232,0.09782659605828953,1
0.6424669404496473,-0.5903833175581352,1
0.3522620972144876,0.2922056280028168,2
-0.16160716150335044,0.4409829158448423,2
-0.4275638878360139,-0.10757837851986783,2
0.08903428600951763,0.5034225466276724,2
0.9281853962215844,0.1012932433895357,1
0.8494960819319559,-0.39713824128875896,1
0.8766108619451662,-0.4038368582373575,1
-0.4379376902467515,-0.34070977454557055,2
-0.8351894685000993,0.5410367026824924,1
-0.05292492317660608,0.44627015914160095,2
-0.021034177640245365,-0.5167697870511505,2
-0.48999644200656367,0.24832140036480202,2
0.03742401005361827,-0.5129580895855009,2
-0.4651826035121818,0.30158502722143804,2
0.3639802617062054,-0.38069741407616164,2
-0.6180213025413329,0.8099847056615608,1
0.9731256845448317,0.1320710262339282,1
-0.4479536860224973,0.9157533723070973,1
0.30685254743744717,0.33934369003411596,2
-0.29548360517275707,0.30790441876680885,2
0.4864507107970831,-0.19545302560087768,2
0.988664607068691,-0.26094757046200795,1
1.0445909011715482,0.039009019391214234,1
0.6300342495346558,0.85504695257416,1
0.718978772704766,-0.6805182361984367,1
0.3815535458779962,0.23292663247053802,2
-0.005524169805183322,-0.527388610908492,2
-0.7126336670132745,0.6533136954069392,1
-0.30913377545789184,0.3978704621660827,2
-0.2451853213927116,-0.4592832047423202,2
-0.8923913801316691,-0.3206892068100246,1
-0.7242480837799218,-0.7005815425989048,1
0.85557881012231,0.525907229841785,1
0.38274068567909536,-0.9584482264606901,1
-0.5428923514938411,-0.16365070413940755,2
0.6504171990868506,-0.780812560892967,1
-0.8859574240671264,0.24883090787443107,1
-0.5841998520682611,-0.7423948281949555,1
0.34988803332991114,0.36389227861223505,2
-0.9884587930741242,0.2329007683428463,1
0.8766931363040997,0.3750349173592227,1
0.24700473976035991,0.31582602915262703,2
-0.7988035450183405,0.4439244108041742,1
0.02145056997317869,-0.4679751672532635,2
-0.9280113564507616,-0.594864298284797,1
-0.5183020679846813,-0.10783466465953666,2
0.4943190063211162,0.06820306304047838,2
-0.42801735609712027,-0.009626440436128036,2
-0.5307276713774907,0.11772776386127287,2
-0.40110381724156763,0.28683836010989483,2
0.880781780258973,-0.24960392513675922,1
0.401315604597071,-0.31016400185899656,2
-0.6034784829609852,-0.7517749963799449,1
-0.37915059464944173,-0.28354675144248415,2
-0.017527291920325403,0.45302075131276553,2
-0.0908264797843781,-0.4905058437458314,2
-0.42939156686498003,0.9049213068587305,1
0.1027581659093981,-0.5259067702060275,2
0.6936308195738622,0.6910233854453915,1
0.6175328962407263,0.12076655637331185,2
-0.1348876229744313,0.5340599300427794,2
0.01621692549487655,1.0434417790256407,1
0.5220906634678006,0.8373671928659628,1
0.2712920390889283,0.3537023879864658,2
0.8313784316690548,0.5164548140440558,1
-0.135284719464056,-0.4966052468736716,2
0.3182648080786906,-0.2952108728873083,2
0.5372956461651217,-0.13507124976763016,2
-0.2988501590456577,-0.9564857984827804,1
-0.2505773759937719,-0.3148979675708531,2
-0.29440789711119486,-0.924211631304001,1
0.4565021937247284,-0.8902459338365711,1
-0.9683756922374803,-0.13690425839428735,1
0.15519674645662992,-0.9237529033928098,1
-0.9115001206524435,-0.2672187983885401,1
0.44357012190607636,0.11042626125625418,2
-0.538106097738817,-0.13243999127815168,2
-0.06499819775566364,-0.48131668548559403,2
-0.32058254685659776,0.3612260869079232,2
-0.9814573190429304,-0.12589790909648763,1
0.09454768505015099,-0.537553082470057,2
0.34557579206771033,-0.38044036337606263,2
-0.04434199636652093,1.0257746262842364,1
0.08582823300694153,-0.4260554108855127,2
-0.13346911886024804,0.4983932909211814,2
-0.1779389967291789,0.8985779657879935,1
-0.2256726432951964,0.4367980742054646,2
0.4696900715598451,-0.07094211177326075,2
-0.40020517844422804,-0.36316201884160326,2
0.9473132470542903,0.2650890617227834,1
-1.00114589101537,-0.5625807875638149,1
0.6980990221034589,0.7749035905956124,1
-0.43028996942908027,-0.43666379775599246,2
-0.10884806144521045,0.5266005926042954,2
-0.3939762507908919,-0.36714505163817934,2
-0.516587165927758,-0.7765346154172555,1
1.029616864111669,-0.1860403653194207,1
0.4488289279524935,-0.40618324318835264,2
-0.9301244396249173,-0.165963772866978,1
-0.06888009596554191,-1.0444215331644877,1
0.4015808498591952,-0.08212632209805146,2
-0.3805998978790221,0.32392097095207206,2
-0.764251468856606,-0.5895222129419326,1
0.7162531892017999,0.685429765195446,1
-0.9566081698397859,-0.3704260797618159,1
0.4145649265807622,0.2706617123738604,2
0.451465956273847,-0.23871292043442693,2
-0.715719446788597,0.615562863275173,1
-0.22445383745872002,-0.4662367213958684,2
0.1453986250474102,-0.55989222158721,2
-0.21187179359356043,-0.49609754231778136,2
-0.6035591789470429,-0.7066841723069972,1
0.35222337865394093,0.3727897709076,2
-0.29308402175242154,0.4331814343655077,2
-0.3309539857898781,-0.9679743021402637,1
0.9977450131552983,0.16790513773521337,1
1.010864215811215,-0.2963508537619824,1
0.13821419580713462,1.0344543108938296,1
-0.9201807273858555,-0.4047453227221929,1
0.5563139160067294,-0.019620504587509392,2
1.0042241525291498,0.1442537954235711,1
-0.29818524899411647,-0.4528154383214194,2
-0.6325465174182378,-0.8506987124857451,1
0.2540141303023895,0.3006360414018301,2
-0.4561705211516927,0.2569015698561292,2
-0.493509218922361,-0.8340345469063344,1
0.18161787436515006,0.9321578395970643,1
-0.606065312372729,-0.7810559947782023,1
0.4914402825076463,-0.0018728265253774995,2
0.7987529198493823,0.5778586287287912,1
-0.4880800497952738,0.7551145808795442,1
-0.48098890180451753,-0.19611193603509877,2
0.44452954611398865,-0.16684576164626735,2
-0.49164973247400473,-0.0629659268390933,2
0.5779514786437667,0.8515116825864799,1
-0.2576582764462007,0.27908813826539414,2
0.852697865910979,-0.40641784623739186,1
-0.4295664906176707,-0.09755127933106926,2
0.4493110361021797,0.07548443153959908,2
0.24540081772976108,-0.9415690664607268,1
0.4454866860891908,-0.947157468005509,1
-0.9359334443288553,0.3980949044635893,1
0.5378049043770295,-0.8171763694093928,1
0.23703823567077262,0.5352997258709633,2
0.29863990954054126,1.0194812054550513,1
-0.980121869229923,0.40170708915525427,1
-0.3027146847267384,0.31712924900829637,2
-0.401822142061522,0.22967082946220552,2
0.5709950259185665,-0.205417899383457,2
-0.7503208596720771,-0.5907446746250473,1
0.38803797775787857,-0.33135623129444924,2
-0.24845094231417056,1.029538654098178,1
0.49634059751160564,0.18316678377387666,2
0.3195563657224288,0.4463985498179394,2
0.5049393158763569,0.23586148667554943,2
0.4750816196325219,-0.13221370935680268,2
0.9752499084642138,0.2472261642715729,1
-0.629935415961392,0.7513069411572803,1
-0.4616125161043808,0.15035299310346328,2
0.991132232239004,-0.2601512293223743,1
0.9780877641430837,-0.2442859134506411,1
-0.3277952251390237,-0.47834755533979556,2
-0.34190822858079234,0.47809097748397344,2
-1.0171675776495144,-0.0028782237944490197,1
-0.16847935297784486,0.9476327248471151,1
0.4636844259000151,-0.19997064959154107,2
-0.37275811220993427,0.35689249962457065,2
-0.9691102646923359,-0.2700620911915285,1
0.12359676101733241,0.9220603781160386,1
0.45406514054271613,0.8830688693346096,1
0.6308228330966374,0.6825369972522441,1
0.3848825697545416,-0.23020843039403105,2
-0.4509146256571981,0.8403225759352879,1
0.16377189695746608,0.524667492179462,2
-0.20670566618988373,0.3848468941324779,2
0.46869784721811375,0.08882933602431999,2
-0.8967895560484046,-0.37254361023068017,1
0.5074935759988428,-0.2587793108985526,2
-0.4446277442843357,-0.21516858175905262,2
-0.09589106650224999,0.44730294636159085,2
-0.9249740840743323,0.453901658925878,1
0.27252352111678685,0.8625757062285352,1
0.3532347676938785,0.9274626313589354,1
-0.9633622323441119,-0.31663036221185314,1
0.44277979698003833,0.09412497412938971,2
0.7307556409431656,-0.7166081870863122,1
-0.5804674062201052,-0.07570182229413744,2
0.0975844870188902,0.9492284689872754,1
1.0178047952244393,-0.19139083686415614,1
-0.04604677711564554,0.5608758455443148,2
-0.9063281850862156,-0.4573628399652951,1
0.11799942544584459,0.47893341290648994,2
0.10491929853501296,-1.0244680692751278,1
0.9481763826101202,0.09490715302962888,1
-0.23144435118234394,-0.8596880208994707,1
-0.21970168543268628,1.0195389476458183,1
-0.8048571798976903,-0.6236701797755207,1
0.436738068191901,0.1949303299505527,2
0.04564536569243656,-1.0089406388449438,1
-0.5440244128346037,-0.8692512529525824,1
1.060094540312157,-0.027526132804836373,1
-0.38201780645143657,-0.03479033396232445,2
0.23534642129550346,-0.4052463296028004,2
-0.5786962810467584,-0.21416830614518811,2
0.41260692658587667,-0.9353518526224036,1
-0.32330059910742087,-0.9776634615869547,1
0.4256672141051943,0.3306292977955024,2
0.45699151716957886,-0.1653190457965334,2
0.07686449874953982,-0.977158263178922,1
-0.22401552998837693,-1.0274280651644876,1
-0.2823180828662459,0.4484389429712679,2
-0.8448912844532226,-0.6282586207794647,1
0.9103705219184415,-0.09892968983479289,1
-0.4585865682470964,0.8149844246371561,1
0.5889493288627418,0.7736229743153168,1
0.7347518131624098,0.6911018535517147,1
-0.9036603304620605,-0.3599314304243782,1
-0.4499839202297,0.1278502028111279,2
0.493580858531459,-0.2099690638258913,2
1.0339803267100218,0.012534923666491176,1
-0.05459130690065345,0.5041095755305058,2
0.40847418181640444,-0.15874150723158054,2
0.7908481314650139,0.6122407285920184,1
0.6432874539481551,0.8229227224489534,1
-0.08139434889348458,-1.0049513759641067,1
-0.8129166642042002,0.6563302117079617,1
-0.40075977700308396,-0.16229729160056558,2
-0.41953511046955727,0.301678353067473,2
-0.16606059728445602,0.5134637294892189,2
0.4630295305668842,0.7793009770645372,1
0.8308008877438975,0.38122664198882317,1
0.04588779466077304,0.9665801998666015,1
-0.5547304668305313,0.8891575278884338,1
0.3840156928417294,0.3501748366650988,2
-0.306228126719699,-0.34117948693577843,2
0.08791739076268604,1.0295989793238365,1
0.40301468579993616,-0.23535607509548667,2
0.4855369801042892,0.19874190923462576,2
-0.9894814683445768,0.08245199665674087,1
0.05504701325588779,0.9777281266813492,1
-1.0203494423354726,-0.12934030766908053,1
0.372913641808029,-0.4492000065540083,2
-1.0285084312350499,0.18598186452352536,1
0.7691595785325416,-0.7061387532122099,1
-0.08772740084912599,-0.9932012737753237,1
0.6136861350817021,-0.6973304246652523,1
-0.32052220395706016,0.9075578485899446,1
-0.23264644478544994,0.4360664834031078,2
-0.4102732765701731,-0.13879196322912807,2
0.4239543735643284,-0.15652782212241667,2
0.029832469094962795,-0.5374975394597178,2
0.3119483910257595,0.4188861211336589,2
0.7251084060302692,-0.679004238284408,1
-0.3122047727607258,-0.9926350187980266,1
-0.019322761537796464,-0.9546717119658149,1
0.6018546170119387,-0.6800770050353031,1
0.050895505729357554,0.5135503063585249,2
0.1250677439070439,-1.0592300524971119,1
0.9651287805949549,0.5055567994088723,1
0.9895818775245316,-0.2786835851223197,1
-0.8077200746894754,0.5998887650582476,1
-0.1457476118520004,-0.5222031224965932,2
-0.0499339591589833,0.4732739012984655,2
-0.3599331406133268,0.3127227831799676,2
0.1379180934467955,-0.9711362831004962,1
-0.6070380850507041,-0.8233790733767172,1
0.29805211198231224,0.3284997119095515,2
-0.3720964752380566,-0.33949640488882293,2
-0.3256919306548731,-0.34877410340813864,2
0.2930565609380336,-0.9664840120652284,1
0.05333594150271639,0.9839043429434955,1
0.9333894293265232,-0.32549001844839276,1
1.0007339166199964,-0.2414039816661795,1
0.6046585770506085,-0.8629537519511027,1
0.23210617664514754,-0.5006908180496074,2
0.7084565110461177,-0.7135100102498406,1
0.34266821736630076,-0.299568297520419,2
-0.30548779410976395,0.5126921257555305,2
-0.4042121146605069,-0.29178798648799775,2
-0.2920906946262413,0.9100151582365456,1
0.4062183455988769,0.28359776633360534,2
-0.8269971192769912,0.6497255785973972,1
0.5570491538151199,-0.04728921395609403,2
0.3529281268849599,0.3948321275894431,2
0.46021301534194303,-0.8892966318597477,1
-0.7701900334159095,0.6095562405659201,1
1.0823816277803218,0.01391068577388821,1
-0.29727460597952293,0.446488921570405,2
0.6889143579987427,-0.838244935760315,1
-0.7855571649642624,-0.5244192014766569,1
-0.28088517041107697,0.33047465750710164,2
0.007092572825620293,-1.0798836067400794,1
0.05045185947448402,0.4600680763921752,2
0.4726326106414431,-0.16113807335381056,2
-0.37102848287695095,-0.42697848385263454,2
-0.20084664002839414,0.4851835472916615,2
0.39154091012482145,0.3708213663975209,2
0.7009461231142863,0.8301293678503014,1
-0.16750048748752958,-1.058084203689924,1
0.906396143524179,0.2713174196672651,1
0.671163565955573,0.6527522054476906,1
0.3246336062674744,-0.4088449361695687,2
-0.2177751636607278,-0.45019269348776114,2
-0.45657815041003474,0.8773771491778227,1
-0.3363167784327062,0.8485998166683312,1
-0.7564776757603472,0.6437079664045873,1
0.8235540492225063,-0.6058196257663463,1
-0.3250657883078585,-0.28614757589624273,2
-0.05515544903530824,-0.5941793618995814,2
-0.15555937321797278,-0.9311887772363824,1
-0.6748711893917974,0.60375613022213,1
0.9118451887993008,0.4430068520814009,1
-0.05771289343968373,0.5135963076262064,2
0.6988100774546994,0.7785577250592736,1
0.026985453114542264,-0.9793512503458981,1
0.649117056265854,-0.7673276492949453,1
0.06630916336712293,0.4687537477932109,2
0.37943515373259135,-0.34989885343301264,2
0.4973183728685949,-0.24585952243008535,2
0.29620700614994766,1.0499003666439064,1
0.7053208438443265,-0.7772101337938164,1
-0.9569077122873676,-0.35450079014536556,1
-0.5211714857037568,-0.2929998427359423,2
-0.8611035167968779,-0.5466057535697392,1
0.46079122395543437,-0.038754632016762956,2
0.4011697742549168,-0.8267683832050581,1
-0.8748026632513167,-0.31196157877516895,1
-0.904963401707322,0.3380107659615608,1
0.40724984952629806,-0.06865244189864252,2
0.7750687132618199,0.5750037865940227,1
0.36562588404424046,0.49566567883634066,2
-0.8849053972545179,0.3762220437626202,1
-0.23336519451562532,-0.967138924769005,1
-0.3218256450783326,-0.3522847624194662,2
-0.7256427137233775,-0.7161501438230417,1
-0.2728148660461973,-0.40310170675606694,2
-1.080279238191422,0.18384555223121582,1
0.548834532181302,-0.7754902091433756,1
0.46437475835780373,-0.06507645454123788,2
0.6203279872498937,0.8250588054488812,1
-1.0240440357847636,-0.09695492005533968,1
-0.8484255147551697,-0.48128566158622077,1
-0.35962986878268954,-0.8701950331894708,1
0.1785200056891556,-0.5129238717640636,2
0.1639791512625721,-0.9289334042531909,1
-0.2950323747966571,0.4187494192222313,2
0.2281356150462141,0.544923458493402,2
0.494889242993059,0.0597612384383449,2
0.03590785198910201,0.5411089319915889,2
-0.22543483664114158,0.41874119303508844,2
0.826776417382471,-0.5642515947190908,1
0.38147676014485304,-0.33402255567710165,2
-0.47103164876690046,-0.1566607083708947,2
0.45001457176320003,0.13035830447171393,2
0.37451478875743294,0.348809086180939,2
-0.03245542138987195,-0.970315946151659,1
-0.48493241190842606,0.268579213150405,2
0.08550626749128784,0.9781186867630359,1
0.3584854125319935,0.2841536365433398,2
-0.8215792137317026,0.5578990136240785,1
0.18918621564689414,-0.42884277679742056,2
-0.9433417167180858,-0.19194419220230619,1
-0.25686557549272465,-0.3779164797128665,2
-0.34791896312291815,-0.40758242882874235,2
0.8835065814375733,-0.5674020446797082,1
-0.8034677469142832,0.5290346702521401,1
0.300981709200558,1.1102075691092612,1
-0.3747386368271439,-0.24839274855250626,2
-0.44976122663303214,-0.13465526517028953,2
0.32078386758085475,-0.38627883289089787,2
0.8475591822745198,0.4641314308129144,1
-0.19606129896907135,0.45493024578659946,2
-0.5130023798820137,-0.012971566239399665,2
0.029069746353729803,-0.9913160666077148,1
0.5672585035315685,-0.08985394535703677,2
-0.38173761762456365,0.10514600647876853,2
0.14027418565074162,1.054165106160218,1
0.499646838250351,0.7442392096061288,1
0.3420733958725851,-0.3769431056079037,2
0.5174431359653497,-0.9442835858163893,1
-0.5166327409039136,0.06338196880302299,2
0.5187337908503448,-0.03996810101331333,2
0.9420307690605951,-0.18212269417065566,1
0.19422177625768772,0.42172446042257533,2
0.4893823028949025,-0.8917180875169459,1
-0.13094636328563578,0.5400446601025508,2
-0.23846814031307212,0.462081672417196,2
-0.6077053202561787,-0.8061218380378434,1
-0.20690593891316805,0.5111710023282406,2
-0.2514791960033963,-0.4992734576652432,2
-0.19288807216373835,-0.40943789504390105,2
-0.3706995290787584,0.27835507067196463,2
-0.3445966564923032,0.33281927515472887,2
-0.5052787127575695,0.11551919295222607,2
0.6024497507906497,-0.7350852270329568,1
-0.2513979466527557,0.4155989531158194,2
-0.4578183795559796,-0.9236858387903135,1
-0.5542375562467553,0.8384653200414018,1
-0.09795933581143898,-0.5347636951254731,2
-0.45297837415258774,1.0329714738954612,1
0.4203340227519104,0.020001600578515424,2
0.8300583782786323,-0.6526948742882925,1
-1.0401609816325603,0.04000856117379381,1
0.37365362589367845,0.9778973794309946,1
0.1265628272446734,0.4748612946529794,2
-0.8994462922336923,-0.6103228577507309,1
0.28644072634882,-0.3854777829614504,2
-0.8933519450619627,0.04095052624802606,1
0.7420586304327236,-0.7387314387690367,1
-1.002436328230719,-0.2552372169779542,1
0.1372897945469845,1.0229227250946824,1
0.4382796260898675,-0.2227945334979454,2
0.8177452342686404,-0.5393626187680005,1
0.3315436328786962,0.431825698840962,2
-0.4847768025033232,-0.8818672969305286,1
1.01032773995479,0.1968247929591161,1
-0.05715771603901726,0.4982003057342549,2
-0.5271383587659589,0.7826843492229723,1
1.0095746425836587,-0.04467632424766608,1
0.535853319428858,0.2503058691140388,2
0.3164794432455449,0.3717704332088678,2
-0.0192171339153571,1.042381159666927,1
-0.4954199810866117,-0.8866420125902112,1
0.12093492810691915,-0.40898444938082734,2
-0.26587572713629637,0.4855658843686668,2
1.042083547006015,-0.09419708675224131,1
-0.4845743056113272,-0.22150776682030962,2
-0.3921608137626913,0.1261413666900133,2
0.2966278232427377,-0.959407821784488,1
